"BIN","Bmo_Chrom","CHROM","sum","total","prcnt"
1,1,"scaffold64_cov85",243,365,66.5753424657534
2,1,"scaffold9791_cov75",0,9,0
3,1,"scaffold1059_cov89",43,43,100
4,1,"scaffold233_cov87",61,63,96.8253968253968
5,1,"scaffold38_cov86",85,114,74.5614035087719
6,1,"scaffold532_cov86",12,12,100
7,1,"scaffold555_cov85",194,200,97
8,1,"scaffold617_cov90",39,40,97.5
9,1,"scaffold775_cov85",76,76,100
10,1,"scaffold41369_cov117",0,1,0
11,1,"scaffold837_cov89",30,31,96.7741935483871
12,1,"scaffold841_cov83",6,79,7.59493670886076
13,1,"scaffold425_cov87",19,19,100
14,1,"scaffold54_cov88",316,326,96.9325153374233
15,1,"scaffold1537_cov136",1,2,50
16,2,"scaffold1035_cov76",2,31,6.45161290322581
17,2,"scaffold206_cov80",28,280,10
18,2,"scaffold2680_cov47",0,2,0
19,2,"scaffold377_cov83",7,82,8.53658536585366
20,2,"scaffold559_cov76",1,22,4.54545454545455
21,2,"scaffold1156_cov72",2,10,20
22,2,"scaffold172_cov81",65,67,97.0149253731343
23,2,"scaffold1770_cov89",2,13,15.3846153846154
24,2,"scaffold215_cov81",12,12,100
25,2,"scaffold2589_cov82",3,11,27.2727272727273
26,2,"scaffold309_cov79",6,54,11.1111111111111
27,2,"scaffold40_cov83",4,4,100
28,2,"scaffold513_cov79",3,87,3.44827586206897
29,2,"scaffold872_cov75",4,17,23.5294117647059
30,2,"scaffold197_cov82",134,150,89.3333333333333
31,3,"scaffold1121_cov75",2,52,3.84615384615385
32,3,"scaffold1731_cov77",1,14,7.14285714285714
33,3,"scaffold26_cov79",0,8,0
34,3,"scaffold400_cov74",11,64,17.1875
35,3,"scaffold568_cov76",10,114,8.7719298245614
36,3,"scaffold798_cov82",9,119,7.56302521008403
37,3,"scaffold1943_cov77",4,52,7.69230769230769
38,3,"scaffold319_cov76",7,132,5.3030303030303
39,3,"scaffold11_cov79",16,137,11.6788321167883
40,3,"scaffold1122_cov81",2,59,3.38983050847458
41,3,"scaffold27880_cov70",0,3,0
42,3,"scaffold291_cov82",4,96,4.16666666666667
43,3,"scaffold303_cov76",1,40,2.5
44,3,"scaffold455_cov80",0,45,0
45,3,"scaffold4819_cov77",1,15,6.66666666666667
46,3,"scaffold614_cov80",10,81,12.3456790123457
47,3,"scaffold619_cov86",8,92,8.69565217391304
48,3,"scaffold661_cov81",8,96,8.33333333333333
49,3,"scaffold668_cov79",3,91,3.2967032967033
50,3,"scaffold70_cov82",11,90,12.2222222222222
51,3,"scaffold71_cov71",0,29,0
52,3,"scaffold7595_cov84",2,25,8
53,3,"scaffold814_cov76",2,38,5.26315789473684
54,3,"scaffold1284_cov70",0,15,0
55,3,"scaffold220_cov80",33,342,9.64912280701754
56,3,"scaffold280_cov76",8,42,19.047619047619
57,3,"scaffold31997_cov60",0,3,0
58,4,"scaffold113_cov83",24,324,7.40740740740741
59,4,"scaffold245_cov85",45,537,8.37988826815642
60,4,"scaffold368_cov81",2,25,8
61,4,"scaffold6360_cov91",5,49,10.2040816326531
62,4,"scaffold674_cov86",4,69,5.79710144927536
63,4,"scaffold708_cov83",2,20,10
64,4,"scaffold794_cov82",9,83,10.8433734939759
65,4,"scaffold117_cov89",18,262,6.87022900763359
66,4,"scaffold1041_cov81",8,129,6.2015503875969
67,4,"scaffold1123_cov85",7,70,10
68,4,"scaffold1784_cov72",0,6,0
69,4,"scaffold185_cov78",5,52,9.61538461538462
70,4,"scaffold2740_cov89",2,41,4.8780487804878
71,4,"scaffold464_cov84",12,161,7.45341614906832
72,4,"scaffold56_cov84",37,425,8.70588235294118
73,4,"scaffold611_cov82",8,139,5.75539568345324
74,4,"scaffold983_cov86",6,153,3.92156862745098
75,4,"scaffold300_cov79",14,91,15.3846153846154
76,4,"scaffold580_cov78",5,86,5.81395348837209
77,4,"scaffold108_cov77",0,10,0
78,5,"scaffold284_cov89",11,148,7.43243243243243
79,5,"scaffold1428_cov80",15,201,7.46268656716418
80,5,"scaffold1495_cov80",6,126,4.76190476190476
81,5,"scaffold194_cov80",22,204,10.7843137254902
82,5,"scaffold283_cov85",65,812,8.00492610837438
83,5,"scaffold251_cov86",14,235,5.95744680851064
84,5,"scaffold334_cov77",1,23,4.34782608695652
85,5,"scaffold364_cov78",6,114,5.26315789473684
86,5,"scaffold366_cov87",10,171,5.84795321637427
87,5,"scaffold384_cov82",3,70,4.28571428571429
88,5,"scaffold82_cov86",18,371,4.85175202156334
89,5,"scaffold1209_cov76",3,39,7.69230769230769
90,5,"scaffold1506_cov76",2,27,7.40740740740741
91,5,"scaffold209_cov82",26,253,10.2766798418972
92,5,"scaffold230_cov77",0,21,0
93,5,"scaffold2340_cov72",3,13,23.0769230769231
94,5,"scaffold3035_cov80",1,19,5.26315789473684
95,6,"scaffold1430_cov90",1,14,7.14285714285714
96,6,"scaffold2773_cov78",3,7,42.8571428571429
97,6,"scaffold41604_cov78",1,25,4
98,6,"scaffold146_cov83",15,225,6.66666666666667
99,6,"scaffold41329_cov69",0,3,0
100,6,"scaffold926_cov76",9,48,18.75
101,6,"scaffold1171_cov74",0,4,0
102,6,"scaffold149_cov86",47,566,8.30388692579505
103,6,"scaffold2305_cov82",8,160,5
104,6,"scaffold41023_cov83",1,5,20
105,6,"scaffold4110_cov59",1,7,14.2857142857143
106,6,"scaffold412_cov79",3,78,3.84615384615385
107,6,"scaffold52_cov82",23,239,9.6234309623431
108,6,"scaffold750_cov77",2,56,3.57142857142857
109,6,"scaffold751_cov76",1,57,1.75438596491228
110,6,"scaffold931_cov78",9,91,9.89010989010989
111,6,"scaffold985_cov72",1,4,25
112,6,"scaffold1011_cov85",5,81,6.17283950617284
113,6,"scaffold1215_cov89",3,47,6.38297872340426
114,6,"scaffold304_cov90",4,78,5.12820512820513
115,6,"scaffold359_cov81",3,60,5
116,6,"scaffold5206_cov83",4,40,10
117,6,"scaffold81_cov80",6,185,3.24324324324324
118,6,"scaffold970_cov74",4,44,9.09090909090909
119,6,"scaffold2123_cov91",1,46,2.17391304347826
120,6,"scaffold1992_cov81",0,10,0
121,6,"scaffold573_cov82",6,65,9.23076923076923
122,6,"scaffold700_cov106",1,4,25
123,7,"scaffold1014_cov81",1,39,2.56410256410256
124,7,"scaffold2267_cov81",2,17,11.7647058823529
125,7,"scaffold275_cov83",6,108,5.55555555555556
126,7,"scaffold360_cov81",11,147,7.48299319727891
127,7,"scaffold1092_cov82",5,106,4.71698113207547
128,7,"scaffold162_cov85",37,492,7.52032520325203
129,7,"scaffold1745_cov79",1,17,5.88235294117647
130,7,"scaffold187_cov81",16,191,8.37696335078534
131,7,"scaffold259_cov82",5,82,6.09756097560976
132,7,"scaffold312_cov83",6,85,7.05882352941176
133,7,"scaffold522_cov83",7,131,5.34351145038168
134,7,"scaffold1190_cov81",2,39,5.12820512820513
135,7,"scaffold3081_cov81",1,30,3.33333333333333
136,7,"scaffold670_cov84",6,66,9.09090909090909
137,7,"scaffold1362_cov86",15,94,15.9574468085106
138,7,"scaffold1463_cov64",0,8,0
139,8,"scaffold1660_cov90",5,83,6.02409638554217
140,8,"scaffold718_cov81",9,128,7.03125
141,8,"scaffold302_cov84",12,146,8.21917808219178
142,8,"scaffold822_cov82",11,152,7.23684210526316
143,8,"scaffold937_cov76",4,33,12.1212121212121
144,8,"scaffold1115_cov81",6,85,7.05882352941176
145,8,"scaffold157_cov83",14,191,7.32984293193717
146,8,"scaffold1673_cov76",0,4,0
147,8,"scaffold23_cov86",20,325,6.15384615384615
148,8,"scaffold265_cov82",13,155,8.38709677419355
149,8,"scaffold297_cov86",16,239,6.69456066945607
150,8,"scaffold3111_cov83",0,48,0
151,8,"scaffold323_cov81",3,44,6.81818181818182
152,8,"scaffold380_cov81",1,24,4.16666666666667
153,8,"scaffold41323_cov72",1,22,4.54545454545455
154,8,"scaffold503_cov89",2,21,9.52380952380952
155,8,"scaffold603_cov80",7,84,8.33333333333333
156,8,"scaffold65_cov84",3,107,2.80373831775701
157,8,"scaffold742_cov77",0,7,0
158,8,"scaffold3051_cov80",0,6,0
159,8,"scaffold1100_cov72",3,25,12
160,8,"scaffold1539_cov76",1,9,11.1111111111111
161,8,"scaffold1702_cov72",0,15,0
162,8,"scaffold26278_cov88",0,6,0
163,8,"scaffold342_cov83",0,7,0
164,8,"scaffold32581_cov73",0,4,0
165,8,"scaffold511_cov83",10,209,4.78468899521531
166,8,"scaffold98_cov78",16,123,13.0081300813008
167,9,"scaffold104_cov82",34,328,10.3658536585366
168,9,"scaffold1211_cov75",1,62,1.61290322580645
169,9,"scaffold1827_cov81",4,57,7.01754385964912
170,9,"scaffold41318_cov84",9,106,8.49056603773585
171,9,"scaffold499_cov76",9,87,10.3448275862069
172,9,"scaffold736_cov85",4,92,4.34782608695652
173,9,"scaffold1001_cov87",3,13,23.0769230769231
174,9,"scaffold169_cov79",4,60,6.66666666666667
175,9,"scaffold497_cov84",7,174,4.02298850574713
176,9,"scaffold1280_cov85",13,110,11.8181818181818
177,9,"scaffold1529_cov84",2,25,8
178,9,"scaffold430_cov86",32,284,11.2676056338028
179,9,"scaffold2147_cov76",0,14,0
180,9,"scaffold2933_cov84",1,16,6.25
181,9,"scaffold298_cov84",18,294,6.12244897959184
182,9,"scaffold308_cov86",3,104,2.88461538461538
183,9,"scaffold344_cov79",13,138,9.42028985507246
184,9,"scaffold5573_cov81",0,4,0
185,9,"scaffold738_cov84",3,56,5.35714285714286
186,9,"scaffold923_cov80",4,48,8.33333333333333
187,9,"scaffold95_cov86",17,226,7.52212389380531
188,10,"scaffold122_cov83",13,221,5.88235294117647
189,10,"scaffold1431_cov77",2,19,10.5263157894737
190,10,"scaffold3291_cov80",1,5,20
191,10,"scaffold337_cov77",5,59,8.47457627118644
192,10,"scaffold34398_cov59",0,2,0
193,10,"scaffold491_cov79",26,282,9.21985815602837
194,10,"scaffold538_cov85",12,191,6.282722513089
195,10,"scaffold590_cov86",8,85,9.41176470588235
196,10,"scaffold900_cov79",8,126,6.34920634920635
197,10,"scaffold928_cov85",7,71,9.85915492957746
198,10,"scaffold173_cov85",19,342,5.55555555555556
199,10,"scaffold2062_cov66",0,4,0
200,10,"scaffold20735_cov83",0,2,0
201,10,"scaffold41_cov80",6,103,5.8252427184466
202,10,"scaffold272_cov84",38,420,9.04761904761905
203,10,"scaffold1075_cov86",9,63,14.2857142857143
204,10,"scaffold1534_cov87",5,83,6.02409638554217
205,10,"scaffold22550_cov73",1,6,16.6666666666667
206,10,"scaffold343_cov82",2,94,2.12765957446809
207,10,"scaffold351_cov79",17,289,5.88235294117647
208,10,"scaffold356_cov85",2,36,5.55555555555556
209,10,"scaffold449_cov80",6,73,8.21917808219178
210,10,"scaffold4710_cov79",1,21,4.76190476190476
211,10,"scaffold4791_cov68",0,3,0
212,10,"scaffold737_cov82",1,31,3.2258064516129
213,10,"scaffold749_cov74",0,3,0
214,10,"scaffold8740_cov92",2,23,8.69565217391304
215,10,"scaffold946_cov85",6,65,9.23076923076923
216,11,"scaffold1418_cov71",4,63,6.34920634920635
217,11,"scaffold1550_cov75",3,64,4.6875
218,11,"scaffold165_cov77",10,140,7.14285714285714
219,11,"scaffold2108_cov79",1,2,50
220,11,"scaffold2837_cov89",3,58,5.17241379310345
221,11,"scaffold3225_cov78",0,14,0
222,11,"scaffold383_cov73",1,34,2.94117647058824
223,11,"scaffold4045_cov88",4,30,13.3333333333333
224,11,"scaffold406_cov74",8,101,7.92079207920792
225,11,"scaffold473_cov73",2,14,14.2857142857143
226,11,"scaffold487_cov67",0,19,0
227,11,"scaffold518_cov72",4,86,4.65116279069767
228,11,"scaffold5452_cov63",3,7,42.8571428571429
229,11,"scaffold579_cov74",3,60,5
230,11,"scaffold741_cov71",4,40,10
231,11,"scaffold747_cov72",0,4,0
232,11,"scaffold801_cov98",1,8,12.5
233,11,"scaffold1913_cov83",2,63,3.17460317460317
234,11,"scaffold69_cov81",10,246,4.0650406504065
235,11,"scaffold760_cov81",0,14,0
236,11,"scaffold133_cov80",7,138,5.07246376811594
237,11,"scaffold22_cov80",21,333,6.30630630630631
238,11,"scaffold2847_cov78",2,17,11.7647058823529
239,11,"scaffold74_cov80",19,293,6.48464163822526
240,11,"scaffold987_cov86",10,106,9.43396226415094
241,11,"scaffold14347_cov88",3,32,9.375
242,11,"scaffold293_cov80",18,155,11.6129032258065
243,11,"scaffold41603_cov83",40,542,7.38007380073801
244,11,"scaffold4522_cov89",6,57,10.5263157894737
245,11,"scaffold6_cov79",0,22,0
246,12,"scaffold13614_cov88",4,55,7.27272727272727
247,12,"scaffold151_cov80",11,198,5.55555555555556
248,12,"scaffold1520_cov80",0,16,0
249,12,"scaffold330_cov81",4,40,10
250,12,"scaffold397_cov84",13,147,8.84353741496599
251,12,"scaffold482_cov82",17,299,5.68561872909699
252,12,"scaffold694_cov80",5,71,7.04225352112676
253,12,"scaffold744_cov88",0,7,0
254,12,"scaffold828_cov86",13,220,5.90909090909091
255,12,"scaffold1591_cov84",4,111,3.6036036036036
256,12,"scaffold1581_cov109",0,1,0
257,12,"scaffold648_cov83",6,88,6.81818181818182
258,12,"scaffold707_cov82",4,56,7.14285714285714
259,12,"scaffold643_cov80",1,11,9.09090909090909
260,12,"scaffold1853_cov84",7,69,10.1449275362319
261,12,"scaffold41289_cov82",7,124,5.64516129032258
262,12,"scaffold73_cov85",27,347,7.78097982708934
263,13,"scaffold1861_cov79",0,7,0
264,13,"scaffold36_cov81",4,61,6.55737704918033
265,13,"scaffold150_cov79",9,68,13.2352941176471
266,13,"scaffold1631_cov80",12,124,9.67741935483871
267,13,"scaffold1644_cov79",4,54,7.40740740740741
268,13,"scaffold1671_cov80",2,29,6.89655172413793
269,13,"scaffold182_cov81",18,244,7.37704918032787
270,13,"scaffold1824_cov82",3,46,6.52173913043478
271,13,"scaffold1835_cov64",1,5,20
272,13,"scaffold1907_cov73",3,38,7.89473684210526
273,13,"scaffold1949_cov56",0,2,0
274,13,"scaffold207_cov83",8,85,9.41176470588235
275,13,"scaffold2362_cov88",4,20,20
276,13,"scaffold2602_cov85",5,36,13.8888888888889
277,13,"scaffold264_cov81",16,220,7.27272727272727
278,13,"scaffold2735_cov87",2,42,4.76190476190476
279,13,"scaffold29_cov79",5,85,5.88235294117647
280,13,"scaffold295_cov78",3,26,11.5384615384615
281,13,"scaffold3406_cov81",3,30,10
282,13,"scaffold398_cov81",2,10,20
283,13,"scaffold420_cov79",11,102,10.7843137254902
284,13,"scaffold431_cov75",28,291,9.62199312714777
285,13,"scaffold505_cov75",16,170,9.41176470588235
286,13,"scaffold527_cov83",7,85,8.23529411764706
287,13,"scaffold58_cov76",4,8,50
288,13,"scaffold597_cov75",6,63,9.52380952380952
289,13,"scaffold61_cov73",3,30,10
290,13,"scaffold618_cov79",0,9,0
291,13,"scaffold628_cov83",12,205,5.85365853658537
292,13,"scaffold655_cov75",3,22,13.6363636363636
293,13,"scaffold693_cov79",9,84,10.7142857142857
294,13,"scaffold847_cov65",2,15,13.3333333333333
295,13,"scaffold849_cov80",7,96,7.29166666666667
296,13,"scaffold973_cov78",4,63,6.34920634920635
297,14,"scaffold1050_cov76",8,108,7.40740740740741
298,14,"scaffold1053_cov81",2,36,5.55555555555556
299,14,"scaffold155_cov73",0,1,0
300,14,"scaffold1657_cov75",0,17,0
301,14,"scaffold249_cov83",14,132,10.6060606060606
302,14,"scaffold292_cov75",1,16,6.25
303,14,"scaffold41328_cov80",0,8,0
304,14,"scaffold193_cov79",3,57,5.26315789473684
305,14,"scaffold235_cov83",18,140,12.8571428571429
306,14,"scaffold45_cov80",23,211,10.9004739336493
307,14,"scaffold488_cov77",8,133,6.01503759398496
308,14,"scaffold873_cov75",3,28,10.7142857142857
309,14,"scaffold474_cov78",5,88,5.68181818181818
310,14,"scaffold512_cov86",1,97,1.03092783505155
311,14,"scaffold1007_cov83",2,50,4
312,14,"scaffold1162_cov71",1,19,5.26315789473684
313,14,"scaffold119_cov68",2,27,7.40740740740741
314,14,"scaffold121_cov76",2,19,10.5263157894737
315,14,"scaffold1239_cov98",0,1,0
316,14,"scaffold1840_cov76",2,28,7.14285714285714
317,14,"scaffold2390_cov72",1,28,3.57142857142857
318,14,"scaffold24783_cov68",0,1,0
319,14,"scaffold371_cov74",1,8,12.5
320,14,"scaffold5163_cov63",0,2,0
321,14,"scaffold622_cov71",18,169,10.6508875739645
322,14,"scaffold689_cov73",5,32,15.625
323,14,"scaffold7272_cov71",0,12,0
324,14,"scaffold8901_cov72",2,4,50
325,15,"scaffold1037_cov59",2,34,5.88235294117647
326,15,"scaffold1233_cov67",4,58,6.89655172413793
327,15,"scaffold1324_cov82",19,160,11.875
328,15,"scaffold136_cov82",28,267,10.4868913857678
329,15,"scaffold1493_cov81",1,13,7.69230769230769
330,15,"scaffold1588_cov71",10,35,28.5714285714286
331,15,"scaffold1695_cov68",2,16,12.5
332,15,"scaffold18_cov86",3,118,2.54237288135593
333,15,"scaffold1939_cov80",2,34,5.88235294117647
334,15,"scaffold201_cov60",1,8,12.5
335,15,"scaffold212_cov85",18,227,7.9295154185022
336,15,"scaffold223_cov64",3,8,37.5
337,15,"scaffold2289_cov68",0,8,0
338,15,"scaffold2909_cov89",3,40,7.5
339,15,"scaffold3116_cov72",4,26,15.3846153846154
340,15,"scaffold41625_cov72",3,28,10.7142857142857
341,15,"scaffold41651_cov104",0,19,0
342,15,"scaffold4258_cov83",3,24,12.5
343,15,"scaffold4367_cov78",1,19,5.26315789473684
344,15,"scaffold7593_cov74",0,7,0
345,15,"scaffold804_cov78",4,61,6.55737704918033
346,15,"scaffold839_cov71",3,24,12.5
347,15,"scaffold886_cov68",0,22,0
348,15,"scaffold941_cov67",0,3,0
349,15,"scaffold9500_cov50",0,4,0
350,15,"scaffold976_cov71",2,17,11.7647058823529
351,15,"scaffold1258_cov74",1,12,8.33333333333333
352,15,"scaffold14_cov66",2,28,7.14285714285714
353,15,"scaffold1609_cov85",6,68,8.82352941176471
354,15,"scaffold1818_cov68",1,18,5.55555555555556
355,15,"scaffold331_cov72",3,24,12.5
356,15,"scaffold3346_cov59",0,1,0
357,15,"scaffold3434_cov79",0,10,0
358,15,"scaffold41325_cov66",0,19,0
359,15,"scaffold428_cov63",0,9,0
360,15,"scaffold429_cov71",6,35,17.1428571428571
361,15,"scaffold788_cov52",0,1,0
362,15,"scaffold9826_cov52",0,3,0
363,15,"scaffold156_cov86",13,177,7.34463276836158
364,15,"scaffold1751_cov64",4,8,50
365,15,"scaffold200_cov68",1,7,14.2857142857143
366,15,"scaffold204_cov81",13,127,10.2362204724409
367,15,"scaffold2224_cov81",1,33,3.03030303030303
368,15,"scaffold305_cov83",17,236,7.20338983050847
369,15,"scaffold510_cov81",4,57,7.01754385964912
370,15,"scaffold588_cov76",1,15,6.66666666666667
371,15,"scaffold656_cov83",4,54,7.40740740740741
372,15,"scaffold79_cov71",0,13,0
373,15,"scaffold1496_cov83",4,56,7.14285714285714
374,15,"scaffold234_cov80",17,244,6.9672131147541
375,15,"scaffold8_cov77",12,99,12.1212121212121
376,16,"scaffold111_cov82",11,208,5.28846153846154
377,16,"scaffold1902_cov77",2,14,14.2857142857143
378,16,"scaffold195_cov84",56,848,6.60377358490566
379,16,"scaffold41324_cov82",6,68,8.82352941176471
380,16,"scaffold439_cov81",1,41,2.4390243902439
381,16,"scaffold5_cov82",6,96,6.25
382,16,"scaffold506_cov83",15,204,7.35294117647059
383,16,"scaffold526_cov76",1,9,11.1111111111111
384,16,"scaffold118_cov81",8,105,7.61904761904762
385,16,"scaffold881_cov76",7,87,8.04597701149425
386,16,"scaffold1040_cov58",0,4,0
387,16,"scaffold10831_cov70",1,12,8.33333333333333
388,16,"scaffold1105_cov72",1,25,4
389,16,"scaffold1264_cov75",0,8,0
390,16,"scaffold1436_cov68",1,3,33.3333333333333
391,16,"scaffold1593_cov75",4,33,12.1212121212121
392,16,"scaffold2623_cov80",1,25,4
393,16,"scaffold4125_cov74",0,2,0
394,16,"scaffold51_cov82",5,92,5.43478260869565
395,16,"scaffold7_cov78",15,154,9.74025974025974
396,17,"scaffold1094_cov48",0,4,0
397,17,"scaffold1443_cov79",2,27,7.40740740740741
398,17,"scaffold1479_cov89",2,8,25
399,17,"scaffold163_cov83",3,100,3
400,17,"scaffold281_cov77",0,12,0
401,17,"scaffold3013_cov90",3,49,6.12244897959184
402,17,"scaffold3460_cov75",1,32,3.125
403,17,"scaffold41649_cov92",1,2,50
404,17,"scaffold507_cov81",3,23,13.0434782608696
405,17,"scaffold525_cov82",2,37,5.40540540540541
406,17,"scaffold557_cov83",5,111,4.5045045045045
407,17,"scaffold637_cov81",7,86,8.13953488372093
408,17,"scaffold782_cov80",3,37,8.10810810810811
409,17,"scaffold935_cov79",2,68,2.94117647058824
410,17,"scaffold9845_cov79",0,13,0
411,17,"scaffold1525_cov82",8,92,8.69565217391304
412,17,"scaffold178_cov80",15,149,10.0671140939597
413,17,"scaffold448_cov80",9,110,8.18181818181818
414,17,"scaffold1067_cov82",20,303,6.6006600660066
415,17,"scaffold1808_cov85",2,17,11.7647058823529
416,17,"scaffold1964_cov78",1,110,0.909090909090909
417,17,"scaffold41319_cov84",22,285,7.71929824561404
418,17,"scaffold478_cov85",2,117,1.70940170940171
419,17,"scaffold773_cov81",5,55,9.09090909090909
420,17,"scaffold595_cov83",3,76,3.94736842105263
421,18,"scaffold126_cov82",17,221,7.69230769230769
422,18,"scaffold116_cov84",19,360,5.27777777777778
423,18,"scaffold128_cov76",4,71,5.63380281690141
424,18,"scaffold138_cov82",7,123,5.69105691056911
425,18,"scaffold1735_cov82",10,67,14.9253731343284
426,18,"scaffold184_cov83",29,456,6.35964912280702
427,18,"scaffold2935_cov76",1,8,12.5
428,18,"scaffold374_cov79",14,162,8.64197530864197
429,18,"scaffold495_cov86",6,54,11.1111111111111
430,18,"scaffold5674_cov86",0,3,0
431,18,"scaffold627_cov86",2,67,2.98507462686567
432,18,"scaffold7931_cov78",0,4,0
433,18,"scaffold99_cov79",2,59,3.38983050847458
434,18,"scaffold552_cov81",5,63,7.93650793650794
435,18,"scaffold13_cov81",10,207,4.83091787439614
436,18,"scaffold493_cov71",7,36,19.4444444444444
437,19,"scaffold1548_cov88",4,25,16
438,19,"scaffold332_cov79",12,127,9.44881889763779
439,19,"scaffold421_cov82",10,150,6.66666666666667
440,19,"scaffold1312_cov85",3,35,8.57142857142857
441,19,"scaffold19_cov81",30,331,9.06344410876133
442,19,"scaffold2911_cov77",0,6,0
443,19,"scaffold41286_cov83",21,228,9.21052631578947
444,19,"scaffold1029_cov81",8,100,8
445,19,"scaffold120_cov81",15,196,7.6530612244898
446,19,"scaffold253_cov81",15,134,11.1940298507463
447,19,"scaffold365_cov84",8,169,4.73372781065089
448,19,"scaffold9322_cov60",0,2,0
449,19,"scaffold422_cov77",4,73,5.47945205479452
450,19,"scaffold730_cov78",0,12,0
451,20,"scaffold238_cov83",5,95,5.26315789473684
452,20,"scaffold1128_cov77",0,5,0
453,20,"scaffold1186_cov72",5,36,13.8888888888889
454,20,"scaffold12074_cov42",0,1,0
455,20,"scaffold199_cov66",4,24,16.6666666666667
456,20,"scaffold378_cov82",11,134,8.2089552238806
457,20,"scaffold543_cov69",0,6,0
458,20,"scaffold7283_cov69",0,9,0
459,20,"scaffold770_cov75",12,99,12.1212121212121
460,20,"scaffold807_cov71",0,2,0
461,20,"scaffold570_cov83",3,26,11.5384615384615
462,20,"scaffold816_cov76",3,37,8.10810810810811
463,20,"scaffold484_cov80",14,136,10.2941176470588
464,20,"scaffold1159_cov82",2,91,2.1978021978022
465,20,"scaffold1309_cov80",7,83,8.43373493975904
466,20,"scaffold3_cov78",4,40,10
467,20,"scaffold41288_cov79",4,97,4.12371134020619
468,20,"scaffold426_cov79",9,218,4.12844036697248
469,20,"scaffold1024_cov71",1,21,4.76190476190476
470,21,"scaffold533_cov84",2,39,5.12820512820513
471,21,"scaffold106_cov84",3,80,3.75
472,21,"scaffold10840_cov82",4,24,16.6666666666667
473,21,"scaffold112_cov86",20,210,9.52380952380952
474,21,"scaffold1267_cov80",3,58,5.17241379310345
475,21,"scaffold1300_cov84",6,52,11.5384615384615
476,21,"scaffold1440_cov84",10,97,10.3092783505155
477,21,"scaffold460_cov81",4,81,4.93827160493827
478,21,"scaffold57_cov81",6,95,6.31578947368421
479,21,"scaffold6661_cov78",1,23,4.34782608695652
480,21,"scaffold72_cov84",39,535,7.28971962616822
481,21,"scaffold728_cov84",2,13,15.3846153846154
482,21,"scaffold864_cov79",1,18,5.55555555555556
483,21,"scaffold90_cov81",22,239,9.20502092050209
484,21,"scaffold1531_cov83",5,93,5.37634408602151
485,21,"scaffold60_cov81",6,89,6.74157303370786
486,21,"scaffold662_cov85",0,22,0
487,22,"scaffold589_cov81",24,337,7.12166172106825
488,22,"scaffold205_cov79",12,160,7.5
489,22,"scaffold1185_cov76",0,17,0
490,22,"scaffold2464_cov74",1,8,12.5
491,22,"scaffold273_cov82",17,215,7.90697674418605
492,22,"scaffold3235_cov79",0,2,0
493,22,"scaffold44_cov85",10,81,12.3456790123457
494,22,"scaffold46_cov81",27,220,12.2727272727273
495,22,"scaffold569_cov72",6,33,18.1818181818182
496,22,"scaffold642_cov78",16,146,10.958904109589
497,22,"scaffold653_cov80",6,94,6.38297872340426
498,22,"scaffold786_cov83",6,93,6.45161290322581
499,22,"scaffold787_cov77",2,61,3.27868852459016
500,22,"scaffold959_cov80",5,33,15.1515151515152
501,22,"scaffold1021_cov90",4,61,6.55737704918033
502,22,"scaffold1492_cov86",1,15,6.66666666666667
503,22,"scaffold634_cov89",7,107,6.54205607476635
504,22,"scaffold6478_cov88",1,22,4.54545454545455
505,22,"scaffold4642_cov92",6,51,11.7647058823529
506,22,"scaffold372_cov82",10,126,7.93650793650794
507,22,"scaffold1625_cov73",0,19,0
508,22,"scaffold129_cov80",8,160,5
509,22,"scaffold41327_cov70",1,17,5.88235294117647
510,22,"scaffold59_cov79",7,109,6.42201834862385
511,22,"scaffold1273_cov81",5,51,9.80392156862745
512,22,"scaffold140_cov83",7,123,5.69105691056911
513,22,"scaffold3936_cov88",0,9,0
514,22,"scaffold4183_cov89",0,38,0
515,22,"scaffold536_cov86",0,6,0
516,22,"scaffold7909_cov92",0,6,0
517,23,"scaffold562_cov83",6,66,9.09090909090909
518,23,"scaffold4295_cov90",7,67,10.4477611940298
519,23,"scaffold1328_cov85",1,3,33.3333333333333
520,23,"scaffold576_cov81",8,99,8.08080808080808
521,23,"scaffold600_cov83",13,242,5.37190082644628
522,23,"scaffold842_cov83",7,124,5.64516129032258
523,23,"scaffold1025_cov87",3,66,4.54545454545455
524,23,"scaffold171_cov84",24,405,5.92592592592593
525,23,"scaffold3290_cov86",8,66,12.1212121212121
526,23,"scaffold626_cov87",8,97,8.24742268041237
527,23,"scaffold1111_cov79",3,33,9.09090909090909
528,23,"scaffold1220_cov77",11,89,12.3595505617978
529,23,"scaffold1691_cov79",1,20,5
530,23,"scaffold1833_cov79",4,50,8
531,23,"scaffold294_cov77",7,110,6.36363636363636
532,23,"scaffold4_cov81",34,357,9.52380952380952
533,23,"scaffold409_cov81",7,56,12.5
534,23,"scaffold591_cov83",9,95,9.47368421052632
535,23,"scaffold596_cov68",0,3,0
536,23,"scaffold620_cov82",12,167,7.18562874251497
537,23,"scaffold753_cov74",0,14,0
538,23,"scaffold986_cov83",22,357,6.1624649859944
539,23,"scaffold1207_cov84",5,64,7.8125
540,23,"scaffold1366_cov84",5,75,6.66666666666667
541,23,"scaffold5256_cov91",0,2,0
542,23,"scaffold6577_cov88",3,18,16.6666666666667
543,24,"scaffold1047_cov80",7,83,8.43373493975904
544,24,"scaffold1916_cov83",1,38,2.63157894736842
545,24,"scaffold35_cov81",10,119,8.40336134453782
546,24,"scaffold578_cov76",4,39,10.2564102564103
547,24,"scaffold1078_cov76",3,58,5.17241379310345
548,24,"scaffold1231_cov80",0,30,0
549,24,"scaffold1370_cov82",6,109,5.5045871559633
550,24,"scaffold216_cov77",9,95,9.47368421052632
551,24,"scaffold2796_cov85",2,27,7.40740740740741
552,24,"scaffold1084_cov82",0,2,0
553,24,"scaffold2215_cov88",2,21,9.52380952380952
554,24,"scaffold2718_cov72",0,8,0
555,24,"scaffold41322_cov83",3,48,6.25
556,24,"scaffold4239_cov73",1,6,16.6666666666667
557,24,"scaffold577_cov83",4,58,6.89655172413793
558,24,"scaffold845_cov79",13,121,10.7438016528926
559,24,"scaffold871_cov83",1,65,1.53846153846154
560,24,"scaffold91_cov75",6,82,7.31707317073171
561,24,"scaffold1199_cov72",0,9,0
562,24,"scaffold1842_cov66",0,10,0
563,24,"scaffold2068_cov58",1,7,14.2857142857143
564,24,"scaffold210_cov72",0,32,0
565,24,"scaffold2761_cov66",1,6,16.6666666666667
566,24,"scaffold301_cov67",2,33,6.06060606060606
567,24,"scaffold4071_cov57",0,3,0
568,24,"scaffold41035_cov69",1,5,20
569,24,"scaffold443_cov62",1,8,12.5
570,24,"scaffold89_cov84",0,27,0
571,24,"scaffold918_cov63",3,24,12.5
572,24,"scaffold1254_cov76",2,41,4.8780487804878
573,24,"scaffold389_cov77",4,24,16.6666666666667
574,24,"scaffold41326_cov68",0,4,0
575,24,"scaffold415_cov69",3,58,5.17241379310345
576,24,"scaffold793_cov65",4,18,22.2222222222222
577,24,"scaffold1197_cov57",4,15,26.6666666666667
578,24,"scaffold181_cov69",2,36,5.55555555555556
579,24,"scaffold564_cov66",2,17,11.7647058823529
580,24,"scaffold1230_cov66",3,39,7.69230769230769
581,24,"scaffold1399_cov72",3,27,11.1111111111111
582,24,"scaffold1466_cov73",0,15,0
583,24,"scaffold2713_cov67",1,1,100
584,24,"scaffold2880_cov73",0,5,0
585,24,"scaffold2881_cov64",2,17,11.7647058823529
586,24,"scaffold315_cov61",2,16,12.5
587,24,"scaffold318_cov61",0,3,0
588,24,"scaffold75_cov77",1,13,7.69230769230769
589,24,"scaffold16_cov66",4,31,12.9032258064516
590,24,"scaffold2121_cov78",1,24,4.16666666666667
591,24,"scaffold2477_cov78",3,22,13.6363636363636
592,24,"scaffold287_cov68",3,39,7.69230769230769
593,24,"scaffold39_cov73",16,187,8.55614973262032
594,24,"scaffold408_cov68",2,4,50
595,24,"scaffold442_cov58",0,5,0
596,24,"scaffold451_cov68",0,25,0
597,25,"scaffold34_cov82",7,125,5.6
598,25,"scaffold87_cov84",3,83,3.6144578313253
599,25,"scaffold2325_cov76",0,18,0
600,25,"scaffold242_cov70",0,2,0
601,25,"scaffold310_cov76",5,67,7.46268656716418
602,25,"scaffold549_cov78",2,106,1.88679245283019
603,25,"scaffold55_cov82",6,108,5.55555555555556
604,25,"scaffold821_cov78",3,33,9.09090909090909
605,25,"scaffold246_cov80",11,156,7.05128205128205
606,25,"scaffold547_cov83",6,140,4.28571428571429
607,25,"scaffold1326_cov57",0,2,0
608,25,"scaffold143_cov86",21,224,9.375
609,25,"scaffold192_cov79",10,167,5.98802395209581
610,25,"scaffold2098_cov82",1,30,3.33333333333333
611,25,"scaffold236_cov81",5,134,3.73134328358209
612,25,"scaffold30_cov81",12,208,5.76923076923077
613,25,"scaffold729_cov84",9,52,17.3076923076923
614,25,"scaffold1368_cov89",4,59,6.77966101694915
615,25,"scaffold1265_cov90",4,63,6.34920634920635
616,25,"scaffold1283_cov91",0,20,0
617,25,"scaffold1432_cov84",6,68,8.82352941176471
618,25,"scaffold762_cov89",0,11,0
619,26,"scaffold2_cov86",22,215,10.2325581395349
620,26,"scaffold2142_cov76",0,1,0
621,26,"scaffold41320_cov83",22,189,11.6402116402116
622,26,"scaffold515_cov85",17,197,8.62944162436548
623,26,"scaffold1841_cov75",0,4,0
624,26,"scaffold240_cov83",19,169,11.2426035502959
625,26,"scaffold691_cov81",13,146,8.9041095890411
626,26,"scaffold755_cov80",6,100,6
627,26,"scaffold756_cov79",6,61,9.83606557377049
628,26,"scaffold13881_cov92",3,22,13.6363636363636
629,26,"scaffold3516_cov92",1,31,3.2258064516129
630,26,"scaffold714_cov88",10,85,11.7647058823529
631,27,"scaffold1598_cov84",9,145,6.20689655172414
632,27,"scaffold219_cov83",6,104,5.76923076923077
633,27,"scaffold333_cov80",22,244,9.01639344262295
634,27,"scaffold554_cov85",9,154,5.84415584415584
635,27,"scaffold109_cov80",22,268,8.2089552238806
636,27,"scaffold125_cov80",7,103,6.79611650485437
637,27,"scaffold266_cov84",14,116,12.0689655172414
638,27,"scaffold621_cov80",0,9,0
639,27,"scaffold765_cov85",14,203,6.89655172413793
640,27,"scaffold10483_cov72",1,3,33.3333333333333
641,27,"scaffold967_cov86",6,92,6.52173913043478
642,28,"scaffold1005_cov88",0,3,0
643,28,"scaffold214_cov85",6,123,4.8780487804878
644,28,"scaffold24_cov86",10,137,7.2992700729927
645,28,"scaffold1045_cov75",17,222,7.65765765765766
646,28,"scaffold1878_cov72",0,1,0
647,28,"scaffold3216_cov91",2,36,5.55555555555556
648,28,"scaffold41626_cov85",0,17,0
649,28,"scaffold877_cov71",6,74,8.10810810810811
650,28,"scaffold1282_cov77",9,120,7.5
651,28,"scaffold1786_cov84",9,140,6.42857142857143
652,28,"scaffold63_cov76",11,128,8.59375
653,28,"scaffold861_cov68",2,16,12.5
654,NA,"scaffold1068_cov80",2,89,2.24719101123596
655,NA,"scaffold1393_cov81",0,20,0
656,NA,"scaffold517_cov81",0,19,0
657,NA,"scaffold105_cov82",18,244,7.37704918032787
658,NA,"scaffold41321_cov78",2,49,4.08163265306122
659,NA,"scaffold1385_cov71",1,28,3.57142857142857
660,NA,"scaffold1569_cov66",2,5,40
661,NA,"scaffold2081_cov71",2,14,14.2857142857143
662,NA,"scaffold174_cov76",4,24,16.6666666666667
663,NA,"scaffold12312_cov73",0,1,0
664,NA,"scaffold4567_cov60",0,9,0
665,NA,"scaffold394_cov85",1,80,1.25
666,NA,"scaffold1006_cov80",7,70,10
667,NA,"scaffold1461_cov64",4,9,44.4444444444444
668,NA,"scaffold244_cov82",6,80,7.5
669,NA,"scaffold278_cov77",2,17,11.7647058823529
670,NA,"scaffold313_cov83",17,225,7.55555555555556
671,NA,"scaffold3526_cov85",2,23,8.69565217391304
672,NA,"scaffold712_cov82",2,49,4.08163265306122
673,NA,"scaffold924_cov79",2,70,2.85714285714286
